{
  "format_weights": {
    "Top_N": 0.35929084880919504,
    "Hidden_Gem": 0.2855133866826949,
    "Travel_Guide": 0.35519576450811013
  },
  "top_performing_keywords": [
    "Epic Scale"
  ],
  "version": 1783882833.6087058
}